id_poliza,fecha_emision,id_cliente,id_corredor,id_aseguradora,id_tipo_seguro,prima,comision,monto_asegurado
10,2026-01-24,2281,69,13,3,791.38,67.44,20710.0
26,2025-07-29,2295,71,11,4,614.46,149.78,36670.97
49,2025-08-11,1122,2,14,4,337.32,69.59,47210.14
66,2025-03-04,1352,21,12,6,776.33,147.21,112829.12
99,2025-05-12,490,57,1,1,716.12,159.79,23929.67
164,2026-01-16,851,50,13,9,501.92,62.0,81059.4
221,2025-03-15,2725,80,11,1,616.19,75.06,115464.32
230,2025-12-19,1245,6,13,3,238.5,,44718.94
277,2025-06-04,2165,16,13,12,113.44,11.06,22028.53
280,2025-06-22,1387,76,1,4,154.59,23.6,19097.08
322,2025-08-19,454,75,11,3,850.81,,166822.37
327,2025-06-30,184,7,8,6,256.39,36.77,17389.16
330,2025-07-15,2011,15,10,2,1158.76,,143147.74
336,2025-11-26,1444,54,3,10,550.34,49.47,20954.52
414,2025-08-15,2278,72,11,12,867.96,132.06,147649.9
431,2025-03-27,21,56,2,11,1414.67,173.1,38629.85
487,2025-06-15,777,20,1,10,1838.94,325.9,250058.9
488,2025-03-29,2538,78,15,4,469.17,,68548.42
498,2025-06-07,843,7,14,11,188.47,19.55,17873.98
514,2026-01-18,687,3,5,1,1046.69,81.8,95894.63
515,2025-03-15,2136,23,11,7,1808.77,450.96,326950.13
610,2026-01-19,1252,20,8,4,1498.15,152.4,188713.37
619,2025-06-16,960,23,5,3,1273.06,229.64,183943.29
637,2025-12-12,2618,61,9,9,738.1,,82512.43
638,2025-08-12,2820,21,3,4,857.92,83.38,141656.39
671,2025-01-26,2212,62,6,7,1493.07,319.17,283016.51
698,2025-11-29,1427,65,1,11,489.27,88.6,28382.47
706,2025-05-26,1414,65,12,11,329.7,76.02,31168.43
720,2025-08-07,2627,13,13,4,707.83,170.65,30130.25
726,2026-01-30,1507,38,4,11,216.37,34.06,34994.41
733,2025-04-26,1495,77,6,2,970.09,132.36,82527.5
783,2026-02-14,2061,64,9,1,1305.84,189.76,83446.95
819,2025-03-04,1881,11,6,1,107.13,15.95,2410.69
836,2025-10-25,2473,28,4,3,972.0,,44879.05
879,2025-02-25,2781,76,9,11,487.84,73.85,41572.74
882,2025-07-14,1478,7,3,2,1615.12,339.75,260779.28
900,2025-08-04,1336,8,10,5,1356.71,113.33,225001.5
955,2025-04-03,1676,30,3,12,977.94,81.64,66113.44
979,2025-07-12,1306,105,14,2,79.6,,13816.88
997,2025-12-21,1248,51,14,4,229.38,56.54,36697.87
998,2025-04-30,928,72,7,4,1592.68,117.66,34820.96
1014,2025-09-16,1236,78,8,6,799.9,95.2,149053.6
1030,2025-07-21,1920,45,6,5,921.01,83.32,135943.27
1038,2025-11-26,400,80,10,7,1470.37,259.13,88295.75
1044,2025-05-16,2156,20,7,3,904.25,209.02,54421.46
1065,2025-12-03,2527,17,6,6,1989.19,459.36,311684.97
1068,2025-09-06,1184,59,7,4,1907.66,460.53,362277.16
1099,2025-08-29,2966,21,7,2,1005.27,237.75,161375.41
1156,2025-01-31,1585,9,5,7,107.49,15.96,7081.97
1181,2025-01-01,1466,64,5,4,412.24,,16238.21
1184,2025-01-10,2557,50,5,4,1236.51,151.82,212721.14
1205,2025-08-07,218,40,10,8,829.03,196.49,87169.07
1264,2025-04-18,609,80,10,7,998.07,,167810.75
1282,2025-11-07,182,77,11,1,1327.05,231.46,113779.99
1340,2026-01-20,1374,22,13,3,623.78,,90183.07
1351,2025-02-16,1869,10,14,4,1775.07,,338913.02
1369,2025-11-06,2599,20,11,1,1947.73,,333898.58
1410,2025-09-13,2934,80,8,9,1120.76,277.51,92953.74
1449,2025-05-01,31,24,9,5,160.0,12.62,17670.8
1480,2025-03-22,1914,33,15,1,1416.28,96.23,195234.95
1604,2025-11-03,354,16,9,7,367.22,72.1,40366.29
1624,2025-10-03,1738,48,14,10,927.34,169.45,71920.47
1629,2025-04-07,2806,11,6,12,599.97,,43706.84
1664,2025-01-29,1538,15,2,6,642.6,,128326.78
1680,2025-07-27,1422,72,2,2,1996.04,,311938.91
1686,2025-09-24,1913,9,7,7,428.51,73.83,64001.48
1691,2025-02-16,1649,50,5,4,1976.69,360.58,108066.89
1749,2025-12-26,1495,73,14,10,951.81,,49431.88
1764,2025-12-30,1330,14,10,4,424.39,,69369.92
1775,2025-06-17,2921,52,1,12,310.84,67.6,19315.0
1800,2025-07-14,1029,67,11,8,326.35,32.0,51097.71
1810,2025-04-15,894,60,4,11,630.22,,65686.43
1832,2025-12-23,662,77,7,8,1019.78,151.25,78262.43
1833,2025-08-03,1639,30,4,5,410.3,62.54,10767.82
1843,2026-02-15,2054,73,11,4,1317.01,73.74,53666.7
1850,2025-07-12,2349,79,5,9,527.38,,59201.58
1868,2026-02-11,2906,70,11,2,163.19,11.21,31636.45
1884,2025-06-27,333,72,15,11,124.17,26.92,20466.14
1891,2025-04-26,588,63,2,5,792.65,94.91,57831.15
1926,2025-08-28,2109,41,9,1,419.3,29.39,57025.51
1928,2025-09-21,14,4,5,2,549.57,132.34,30152.71
1946,2025-12-13,1224,53,12,2,85.68,16.13,7710.95
1959,2025-03-28,1978,66,5,12,190.64,41.81,26704.85
1985,2025-06-06,2629,15,5,5,314.28,19.25,35000.73
1991,2025-07-17,366,77,7,3,220.74,18.55,43252.05
2000,2025-08-09,1491,73,13,6,1181.87,133.77,29112.33
2002,2025-02-17,1583,61,3,8,154.29,12.19,11208.34
2022,2025-10-25,443,32,14,12,1857.25,373.58,368693.78
2047,2025-10-05,2004,61,4,12,1935.32,,47796.85
2058,2026-01-12,719,63,5,11,339.69,83.67,44824.5
2064,2025-05-07,2690,75,6,12,371.84,42.59,25141.34
2071,2026-02-11,2424,55,6,12,1173.5,77.39,44741.52
2084,2025-09-01,160,9,6,11,377.98,75.16,54240.77
2108,2025-02-06,1176,35,14,12,1432.05,106.29,178029.64
2111,2025-12-29,2730,49,7,12,807.04,174.02,32303.05
2117,2025-06-07,2005,3,2,11,204.93,13.67,11360.18
2132,2025-05-03,1018,47,11,11,509.62,28.4,68155.35
2153,2025-07-01,1177,69,9,2,1458.35,283.24,158384.3
2165,2025-08-13,577,36,3,1,980.87,95.14,189390.39
2171,2025-05-25,14,36,15,7,787.02,43.71,24744.99
2217,2026-01-02,2213,41,15,9,1793.35,191.21,96108.85
2243,2025-11-09,2954,70,11,11,157.99,29.32,6262.35
2252,2026-02-14,15,51,4,6,603.99,,74420.02
2279,2025-01-11,1133,58,12,4,347.06,51.42,66930.23
2337,2025-08-14,939,5,10,1,690.86,65.54,118345.74
2346,2025-08-20,444,63,6,7,786.92,146.68,60136.83
2381,2026-01-19,1579,38,14,12,1561.68,,291076.59
2394,2025-11-12,2198,66,15,10,1772.74,336.14,216414.91
2398,2025-05-31,1853,72,3,1,143.24,12.65,19956.82
2449,2025-07-17,319,26,7,9,412.01,92.98,80772.99
2452,2025-04-06,146,39,1,7,1690.41,,289283.89
2468,2025-07-12,1253,6,12,1,854.6,203.7,33393.55
2566,2025-01-05,816,59,7,1,1836.96,309.39,230589.2
2661,2026-01-31,2046,41,2,2,1267.47,197.35,221361.08
2679,2025-11-24,2683,74,14,5,1638.42,395.88,222861.58
2690,2025-09-15,1113,17,14,7,1764.72,438.48,329827.71
2692,2025-07-21,2001,8,13,10,614.34,39.28,59376.03
2706,2025-07-02,1735,62,8,11,1604.73,285.5,86340.91
2732,2025-04-25,1292,29,7,1,867.01,130.12,164699.99
2738,2025-02-11,3721,80,15,8,1405.84,149.65,159373.81
2784,2025-10-23,2284,32,2,12,236.17,46.36,18551.71
2793,2025-02-28,2716,73,12,1,539.22,55.45,66540.17
2836,2025-02-02,1064,28,7,5,888.0,145.35,131733.7
2893,2025-07-22,2997,77,2,8,1314.17,113.54,130116.17
2931,2025-07-13,1005,75,11,1,75.38,17.68,2893.7
2954,2025-09-21,2667,15,14,1,694.14,158.53,118657.32
2967,2025-01-05,2198,46,2,2,297.8,42.57,54508.11
3018,2025-03-19,2053,72,1,11,494.99,39.9,10154.67
3038,2025-09-08,309,47,8,8,502.75,37.5,53512.46
3041,2025-12-03,2238,59,6,11,1095.55,100.53,156740.15
3100,2025-12-17,1070,36,15,3,1420.43,127.12,30257.1
3113,2025-11-16,231,46,4,1,561.34,,88985.96
3154,2025-12-26,1172,74,13,5,439.21,23.11,13710.21
3160,2026-01-03,71,14,13,11,432.2,,70611.7
3178,2025-04-11,181,20,13,3,433.64,88.35,28166.77
3181,2025-06-01,2429,59,6,2,1387.89,301.61,176677.66
3227,2025-07-22,349,63,3,9,1565.17,120.8,42629.09
3256,2026-01-28,1962,45,6,9,566.45,,76124.17
3264,2025-10-29,903,36,10,7,220.11,49.64,20091.47
3303,2025-08-01,2403,72,11,4,396.6,93.07,65779.47
3331,2025-05-03,1047,11,4,6,1249.63,187.38,35164.44
3389,2025-01-01,2740,69,2,8,-1626.21,400.73,167731.7
3443,2026-02-05,1745,20,1,7,1791.71,211.84,193915.09
3483,2025-12-23,1982,36,1,12,272.99,64.68,50990.24
3543,2025-08-11,1190,79,5,3,87.61,19.64,8771.13
3549,2025-11-14,322,18,6,8,494.38,87.53,25003.36
3559,2026-02-06,1268,30,7,3,117.0,,20065.73
3568,2025-05-18,894,42,12,1,1596.39,,284746.75
3580,2026-02-05,2983,16,2,9,624.24,130.01,57020.38
3596,2025-11-01,1848,53,5,5,453.71,30.69,22638.39
3605,2025-08-15,1366,59,12,9,65.35,,7939.97
3658,2025-10-03,628,31,3,11,0.0,126.13,313310.72
3667,2025-09-14,2967,39,12,12,1734.47,323.82,107767.82
3726,2025-03-16,1755,79,5,2,1766.4,,63517.15
3735,2025-10-11,2519,15,8,7,466.03,,22139.11
3757,2025-09-10,2805,15,5,10,202.53,27.61,18433.27
3761,2025-12-01,2524,63,2,3,274.53,39.49,22917.36
3790,2025-03-23,673,18,6,5,637.52,146.91,87363.25
3821,2025-12-18,2217,50,14,12,726.25,38.91,124016.12
3827,2026-01-24,744,19,1,9,1278.57,87.31,182729.7
3838,2026-02-04,453,57,8,6,966.22,213.68,164970.33
3855,2025-05-21,1070,35,11,5,50.86,7.2,2204.66
3875,2025-10-03,1343,2,15,5,1969.31,416.27,342612.29
3898,2025-09-05,987,36,12,8,618.38,53.87,20572.35
3915,2025-10-18,1949,28,1,2,644.27,41.27,23958.86
3935,2025-04-04,126,34,15,4,0.0,,92172.37
3947,2025-03-16,282,41,8,3,1837.03,,122260.44
3953,2025-03-19,1168,41,1,8,794.33,86.06,73617.04
3968,2025-05-22,2164,37,3,10,1574.39,,189744.83
3995,2025-04-29,1946,69,10,5,1678.73,281.5,286442.34
4035,2025-05-16,504,43,4,6,643.09,98.94,34605.23
4036,2025-06-23,2253,22,1,10,522.04,62.1,37862.14
4049,2025-10-01,2775,47,1,2,560.14,86.84,57233.59
4054,2025-03-20,2390,47,11,12,794.36,,19441.91
4057,2026-01-07,2413,70,6,2,294.61,38.46,43710.54
4102,2025-03-25,1797,71,1,9,1765.19,91.92,213878.48
4117,2025-07-02,930,61,7,7,263.43,18.89,45751.81
4122,2025-01-07,945,45,8,5,532.8,,77743.62
4123,2025-04-26,9,34,15,1,951.86,67.51,105297.07
4177,2025-09-28,2872,53,11,12,750.97,171.46,28036.76
4185,2025-09-17,2375,52,6,8,175.18,17.99,31775.18
4225,2025-07-25,1530,65,6,6,1486.25,301.26,266496.34
4352,2025-08-25,105,6,13,1,1583.74,,281517.34
4391,2025-02-12,1172,2,2,10,149.96,32.46,26632.11
4442,2025-10-03,571,30,2,7,698.68,109.64,66684.93
4444,2025-05-06,186,41,4,11,1078.97,106.19,114795.75
4498,2025-12-18,1831,55,15,12,1172.05,,170045.89
4660,2026-02-04,676,73,5,11,272.15,62.83,53236.45
4682,2025-02-28,948,31,12,10,313.26,41.86,35741.27
4703,2025-01-18,89,69,15,10,1653.49,178.22,286372.63
4711,2025-07-11,438,36,6,9,820.74,87.33,141608.12
4731,2026-01-14,2338,80,11,6,828.07,206.4,78217.76
4737,2025-03-21,382,63,12,11,360.74,69.1,9554.15
4767,2025-07-26,2511,10,11,9,582.28,,42533.5
4788,2026-01-10,1980,43,8,6,327.85,65.22,13081.23
4789,2025-04-23,784,55,8,4,1459.64,128.13,49174.92
4795,2025-03-27,2264,1,11,5,434.91,86.97,84670.06
4815,2025-03-07,1892,4,8,10,706.93,168.16,35279.73
4843,2025-09-29,1339,15,9,9,733.98,64.24,65329.87
4850,2025-07-17,482,9,1,7,1464.89,173.38,200070.49
4862,2025-10-13,405,2,3,2,97.3,,11085.56
4873,2026-01-12,1987,32,6,10,752.44,38.98,52485.24
4882,2025-02-08,1771,13,7,7,163.9,36.13,21008.78
4889,2025-11-10,2805,80,9,2,1026.52,155.17,66073.89
4894,2025-10-27,1531,52,2,6,205.05,35.24,6577.21
4909,2026-01-08,2747,67,13,9,411.72,67.37,73299.25
4966,2025-04-19,1114,12,4,1,899.89,83.88,142753.97
4974,2025-09-15,2851,51,5,11,1345.42,273.31,73654.63
5041,2025-03-23,397,66,10,5,1795.95,125.14,219413.86
5043,2025-08-25,952,20,13,6,189.61,21.64,13520.98
5050,2025-08-22,431,66,2,11,79.91,9.97,10916.37
5051,2025-06-29,2639,48,6,7,933.35,172.37,28994.07
5137,2025-09-03,1651,23,6,7,1436.77,127.3,29498.77
5141,2025-12-10,1294,72,11,10,1569.44,368.37,207627.95
5211,2025-12-08,124,70,5,5,614.34,34.66,34193.83
5214,2025-04-28,1992,35,1,5,115.13,15.01,15728.26
5242,2025-09-28,290,47,7,5,511.28,86.21,25730.85
5255,2025-07-09,2244,6,11,9,162.15,18.89,22699.79
5265,2026-02-03,2250,37,14,8,1845.28,281.01,139855.03
5287,2025-01-12,377,74,11,10,882.7,121.67,65495.31
5314,2025-06-26,2450,49,11,3,706.82,90.61,52421.46
5316,2025-03-20,1142,56,5,8,0.0,73.2,188719.2
5324,2025-09-15,917,6,4,8,708.57,116.02,54270.67
5326,2025-11-27,603,68,14,10,1854.33,,219116.93
5328,2025-10-21,1361,80,7,7,1375.51,284.33,83623.39
5338,2025-05-22,2651,79,8,8,819.83,123.01,34516.38
5351,2025-04-22,726,24,14,10,1546.93,115.46,269453.1
5367,2025-07-03,965,80,8,12,868.0,94.76,39320.47
5425,2025-07-19,2714,61,3,3,617.85,154.34,108003.39
5427,2025-06-22,2608,64,8,7,1223.23,151.95,233552.98
5428,2025-06-05,217,15,11,3,493.72,62.59,43678.77
5436,2025-06-11,910,66,12,12,378.88,81.61,67722.39
5450,2025-10-04,712,37,9,8,925.03,105.73,175356.21
5468,2025-11-04,1554,26,5,2,1447.21,,221805.76
5489,2025-09-20,1979,36,14,8,418.64,89.66,28205.23
5491,2025-09-02,2198,8,1,2,476.67,72.74,40550.98
5502,2025-04-05,1176,17,7,5,1448.14,153.34,164660.51
5541,2025-03-30,2569,76,12,9,94.35,17.65,16552.28
5556,2025-10-07,736,9,8,8,991.03,,128657.95
5579,2025-10-16,208,70,11,10,1391.76,334.79,257068.0
5630,2025-07-22,2887,24,9,9,1986.52,,157056.6
5665,2025-05-28,2369,2,10,12,1526.28,91.35,35685.26
5670,2026-01-15,3603,41,6,2,1911.81,387.13,163649.66
5677,2025-06-15,778,69,8,8,380.42,42.7,74677.15
5683,2026-01-19,2121,36,15,11,1765.6,137.86,80379.65
5726,2025-02-10,2267,63,14,11,-519.05,70.03,97334.6
5734,2025-10-15,2784,66,8,5,340.39,,23247.91
5792,2025-07-27,1492,65,13,3,0.0,110.03,257939.36
5800,2025-07-06,573,53,6,3,738.18,84.74,83686.1
5859,2025-12-07,287,57,8,1,988.71,190.51,113470.78
5868,2025-02-03,66,35,15,12,470.27,,20840.91
5875,2025-11-09,427,2,5,2,50.16,3.99,8490.62
5879,2025-09-07,1577,69,7,3,1491.74,299.97,112183.64
5911,2025-09-24,1754,17,12,4,630.58,128.2,53811.92
5915,2025-11-09,55,68,9,10,1974.64,,96623.22
5921,2025-07-25,1854,67,9,7,436.25,,17818.81
5941,2025-03-01,1834,76,7,1,944.01,111.81,152164.62
5962,2025-09-03,626,77,4,10,786.79,144.97,91337.03
6013,2025-09-13,2273,18,1,3,1008.5,199.05,133709.61
6033,2025-10-05,2228,40,6,2,750.59,69.76,143256.64
6073,2025-08-11,161,36,6,1,1250.35,167.11,85339.9
6092,2025-04-20,65,62,4,6,305.61,49.17,9702.07
6094,2025-06-04,2635,16,14,4,94.22,20.64,7766.01
6103,2025-07-18,2730,55,8,10,1614.45,119.16,90901.76
6108,2025-10-08,2253,14,3,6,1302.9,82.48,96874.68
6109,2025-03-04,131,27,14,1,116.97,25.33,3543.84
6124,2025-08-05,736,17,1,5,721.67,72.51,40851.34
6178,2025-12-23,1052,47,15,8,478.08,,12807.35
6183,2025-10-01,894,29,11,3,895.85,,178323.46
6203,2025-01-21,387,31,12,11,1083.95,192.8,50879.03
6215,2025-04-09,599,43,13,11,772.05,97.39,111191.5
6263,2025-12-11,1588,78,11,8,1565.79,217.66,175686.94
6289,2025-02-14,301,20,11,10,981.6,201.1,56218.47
6301,2025-07-09,1360,67,6,9,382.94,46.19,49569.52
6321,2026-01-16,1815,42,5,1,59.23,,3548.92
6325,2026-02-19,2087,29,15,3,1013.03,,196376.1
6333,2025-07-04,1337,52,6,9,0.0,159.81,183123.37
6356,2025-03-06,1690,27,10,8,76.34,7.8,14590.72
6397,2025-04-27,1634,47,13,1,462.04,60.78,17647.16
6411,2025-09-09,1702,34,7,9,769.37,141.61,32368.33
6425,2026-01-17,2431,29,10,6,1473.13,197.75,194307.99
6426,2026-01-31,2896,23,12,6,904.15,74.22,65690.98
6486,2025-10-03,1870,28,8,3,154.19,35.78,23535.28
6566,2025-01-28,2010,64,2,9,1994.4,462.19,391198.8
6601,2025-09-14,2444,1,12,12,1420.37,188.55,190244.79
6623,2025-04-13,421,29,10,11,179.8,,7346.06
6625,2025-11-21,498,46,15,5,773.37,117.22,26638.57
6651,2025-06-21,2965,5,5,12,1695.98,316.26,247829.98
6662,2025-11-08,572,33,5,12,415.9,32.69,60287.5
6664,2025-08-07,1025,66,4,11,101.52,23.08,2448.35
6680,2025-02-14,3712,43,12,2,437.99,,76907.31
6692,2025-09-03,107,14,9,11,536.21,,83030.04
6702,2025-11-27,2292,51,13,1,518.49,33.69,48343.22
6704,2025-10-02,490,42,10,10,658.13,69.61,53122.73
6729,2026-01-05,1833,73,13,12,1034.11,178.99,118541.57
6777,2025-08-15,2998,65,13,5,1058.56,221.66,95166.92
6787,2025-01-01,1611,63,15,8,266.17,20.15,7982.96
6815,2025-06-29,1382,54,11,1,1631.08,332.86,265517.59
6862,2026-01-18,1718,9,1,10,90.99,15.82,13628.13
6882,2025-04-05,1684,14,6,11,829.34,130.94,134007.26
6894,2025-07-30,2273,64,11,4,563.23,118.55,69221.02
6896,2026-01-23,2549,53,3,10,776.66,160.33,71858.98
6915,2025-07-15,6,54,10,3,320.2,64.03,33943.12
6933,2026-01-16,1563,70,12,2,853.73,,112351.12
6947,2025-05-14,1618,10,5,5,1034.37,183.44,101957.05
6962,2025-12-21,2082,39,14,8,1240.6,250.11,172069.57
6974,2025-12-03,698,37,11,10,132.11,17.81,24600.02
6975,2025-04-01,2161,14,14,10,98.74,,4435.82
6982,2026-02-13,1411,69,1,6,574.8,44.82,98912.26
6994,2025-05-13,2814,45,1,7,1173.0,76.26,219686.54
6999,2025-12-20,2810,47,1,9,172.98,36.13,16477.58
7005,2025-01-06,2234,27,13,10,589.7,,83124.55
7047,2025-11-22,1692,18,6,6,1133.32,68.24,186876.75
7062,2025-09-28,1948,55,13,2,271.26,24.97,23575.9
7081,2025-01-02,368,55,10,1,1197.77,146.98,50471.5
7094,2025-02-03,1204,29,5,10,1230.6,296.51,215018.93
7116,2025-10-22,104,62,3,4,562.24,98.37,31094.55
7166,2025-07-21,2388,45,4,11,1357.24,253.76,264355.77
7191,2025-05-22,2827,32,14,8,117.44,20.14,19480.85
7210,2025-11-11,534,26,15,10,620.27,52.92,99116.65
7232,2025-10-17,2642,49,15,12,953.32,230.48,67041.37
7258,2025-02-05,1063,10,4,6,1786.44,283.89,96533.94
7270,2025-06-21,2505,74,15,7,449.99,63.27,35835.77
7282,2025-06-21,2576,53,2,5,355.64,27.97,35390.77
7288,2025-05-04,2907,63,1,7,1215.92,238.18,103405.56
7298,2026-02-19,1655,5,2,1,1389.75,165.58,58370.75
7331,2026-01-29,124,19,12,4,0.0,27.23,48649.46
7351,2025-01-04,1033,15,2,3,353.19,,34038.28
7362,2026-01-05,2632,40,1,7,349.99,25.52,33400.64
7363,2025-10-03,2185,52,10,9,1024.37,172.4,137558.75
7379,2026-02-05,944,49,15,12,470.41,102.07,66697.11
7415,2025-01-23,1131,41,5,12,880.79,105.39,150956.37
7431,2025-07-30,1930,45,5,9,384.54,61.04,70618.29
7488,2025-06-27,828,19,6,12,1585.24,96.6,98141.6
7502,2026-02-14,1436,52,8,9,86.14,6.78,11543.93
7525,2025-12-23,800,34,2,6,388.31,83.9,13031.14
7532,2025-04-22,1185,70,3,8,998.34,,199108.26
7541,2025-03-05,2937,61,11,3,-915.28,58.29,64910.6
7557,2025-04-08,1767,25,6,3,854.01,73.88,106881.68
7558,2025-10-14,2895,68,12,10,715.84,68.54,76807.55
7573,2025-06-15,243,56,15,3,974.92,133.21,85994.23
7591,2026-02-19,992,48,10,4,1936.71,115.97,324162.53
7592,2025-05-30,947,35,2,8,270.19,38.64,47919.14
7627,2025-09-03,2501,3,15,11,1487.28,296.96,278028.61
7667,2025-05-21,2925,36,2,3,1704.77,326.48,124814.59
7735,2025-05-14,1287,6,2,12,479.66,98.84,76427.83
7741,2025-04-04,2556,2,4,1,1058.52,249.63,47109.0
7776,2025-07-15,2674,47,3,4,67.15,,3859.05
7779,2025-07-15,1205,39,13,8,446.23,38.26,49929.74
7792,2025-06-30,1161,59,8,12,1557.36,242.4,280576.71
7809,2026-02-17,1841,64,11,4,1664.79,,309652.03
7822,2025-03-17,163,71,14,9,243.03,20.92,42468.27
7831,2025-07-02,1116,38,4,2,269.46,22.87,42538.35
7832,2025-09-23,987,12,11,9,826.53,134.36,121739.21
7849,2025-04-29,1527,4,10,8,1848.92,,92562.71
7857,2025-01-11,1025,20,2,1,1906.67,322.13,253441.09
7884,2025-12-01,1098,50,15,1,953.53,192.45,120652.16
7887,2025-07-06,472,6,2,6,221.37,,6432.36
7898,2026-01-26,877,29,14,8,922.23,,151157.74
7913,2025-09-22,511,15,3,4,386.16,37.04,26392.37
7939,2025-11-12,2918,59,7,1,1357.27,164.23,189064.45
7949,2025-12-02,1406,55,3,6,607.07,49.3,102093.85
7980,2025-03-03,437,2,7,1,111.0,,16755.58
7984,2025-10-25,2000,10,2,9,872.9,61.75,139250.8
8006,2025-03-19,612,76,15,5,644.82,66.99,39111.94
8019,2025-05-07,1453,65,3,8,208.75,19.08,18345.43
8025,2025-12-26,1262,49,14,8,968.44,,179686.77
8026,2025-06-18,380,22,15,4,885.42,99.56,119240.28
8054,2025-09-28,2979,39,6,6,787.17,61.79,114756.16
8061,2026-02-08,587,39,10,11,1927.09,,132886.74
8096,2025-02-10,681,9,12,2,432.85,34.56,77556.24
8098,2025-02-03,615,4,5,11,1145.38,64.35,139609.95
8115,2025-05-02,2045,26,5,8,1534.57,370.71,120252.45
8129,2025-08-11,280,4,14,9,186.38,20.11,26393.39
8168,2025-02-10,669,41,7,11,557.91,84.5,70972.59
8176,2025-07-07,1930,8,5,10,276.89,32.15,43940.52
8184,2025-07-18,1748,46,9,12,264.88,19.85,12522.84
8218,2025-10-17,1038,43,10,9,159.85,11.14,14346.76
8221,2025-03-05,1133,23,11,5,0.0,301.46,102799.55
8233,2025-04-02,1285,28,13,10,505.34,31.31,27258.18
8254,2026-02-14,1888,68,5,6,498.76,59.81,39767.88
8330,2025-07-03,2543,34,14,11,1266.89,216.64,162382.7
8336,2026-01-07,42,77,10,12,428.86,70.2,25725.67
8363,2025-03-03,776,68,14,8,910.89,183.23,75020.8
8384,2025-10-21,1912,68,7,12,1722.52,319.65,145763.58
8395,2025-12-22,53,25,10,8,-504.22,110.47,75223.24
8396,2025-01-28,1874,66,6,3,337.74,24.41,57014.04
8417,2025-08-21,1330,60,2,1,113.85,10.98,17932.88
8448,2025-09-04,953,14,10,4,446.69,57.27,30367.13
8464,2025-12-19,834,61,7,7,277.12,66.13,52548.68
8480,2025-11-23,2812,9,7,5,-78.75,,2785.68
8505,2025-06-21,496,56,2,7,552.77,134.1,52674.26
8517,2025-08-14,833,24,6,6,242.82,,15386.32
8526,2026-01-29,1619,68,15,5,1451.74,,282775.84
8546,2025-07-20,2941,71,11,6,490.32,41.5,19833.55
8549,2025-01-10,1203,8,6,2,1451.3,,157225.79
8564,2025-09-11,601,68,3,3,858.49,196.89,138369.78
8565,2025-12-24,2565,69,2,11,82.27,8.57,15089.09
8572,2026-02-07,868,53,13,3,715.96,174.25,36020.36
8650,2025-02-23,1513,49,5,11,561.1,44.66,53734.46
8657,2025-11-27,148,29,8,11,188.83,42.93,29871.67
8686,2025-04-08,424,17,2,6,658.39,55.92,102120.54
8696,2025-04-16,1403,25,10,5,177.55,12.67,11971.02
8718,2025-01-18,1106,77,4,2,53.71,3.24,2526.97
8728,2025-07-01,2399,21,8,10,1891.16,363.78,93157.7
8740,2025-04-15,1679,76,9,12,1134.09,245.66,110405.94
8754,2025-03-23,129,19,12,2,1671.73,243.93,272955.42
8806,2025-01-21,2142,30,10,8,1157.06,181.51,34538.8
8837,2025-10-05,1465,11,8,2,1174.08,93.31,73445.75
8856,2025-09-29,859,64,5,11,703.48,57.66,54985.84
8859,2025-06-07,2312,20,15,4,356.12,21.98,30653.68
8884,2025-02-21,978,75,15,3,967.05,192.69,184090.57
8885,2025-01-17,2533,41,9,9,297.21,63.64,15411.67
8895,2025-05-08,1640,26,1,12,824.86,89.06,17141.27
8926,2025-08-24,2888,5,6,1,725.98,,62728.14
8941,2025-01-10,1901,26,13,10,1145.78,,189670.52
8976,2025-04-16,1784,70,12,1,338.19,57.06,40943.89
8988,2025-05-23,1383,75,4,12,605.09,,17858.68
9037,2025-04-17,2868,55,6,10,466.52,,60960.05
9059,2025-06-03,1296,71,4,6,135.62,7.43,7679.33
9060,2025-10-03,3592,5,3,6,329.67,30.37,53331.27
9097,2025-06-16,596,72,6,8,947.69,,48610.81
9116,2026-02-04,457,48,12,2,801.86,51.54,37812.55
9119,2025-08-16,477,34,13,2,176.46,41.07,29545.9
9130,2025-05-04,2263,3,2,12,1626.19,394.58,302911.01
9134,2025-05-17,1734,13,8,5,608.19,118.67,98468.29
9194,2025-02-01,1276,13,13,4,352.27,75.93,14791.08
9215,2025-08-31,480,8,13,6,1966.7,469.2,169042.79
9228,2025-07-19,57,79,11,2,764.16,111.69,64152.41
9233,2025-03-14,1353,59,3,6,428.31,25.54,73368.43
9254,2025-07-08,2453,3,8,3,986.84,234.94,76500.98
9301,2025-09-19,2686,40,3,12,1624.87,241.25,196285.51
9307,2025-05-03,2718,57,5,1,1198.34,175.79,85176.93
9331,2025-07-18,2788,48,11,1,519.64,47.27,49526.06
9337,2026-01-27,1529,9,12,12,873.15,144.7,100668.83
9367,2025-04-04,2410,20,10,12,1953.46,,105773.39
9382,2025-09-02,649,26,1,7,1489.87,293.14,284079.91
9400,2025-07-14,2570,38,11,2,277.22,54.81,19914.74
9405,2025-09-05,2271,42,13,8,1244.4,104.79,172642.16
9432,2025-11-26,1842,77,13,6,1909.39,113.7,301689.9
9441,2025-06-15,473,10,3,7,1433.96,134.42,91912.99
9457,2025-10-15,271,96,5,3,794.58,,90196.85
9500,2025-09-02,2851,46,8,11,810.76,75.2,41567.62
9521,2025-02-02,179,48,3,4,968.07,,29514.86
9553,2025-11-30,275,18,12,3,294.77,71.63,56999.59
9575,2025-12-26,1143,6,4,4,1164.78,199.11,26763.59
9591,2025-11-20,422,63,1,4,966.72,,77049.3
9600,2025-02-28,247,9,3,12,0.0,218.03,159796.36
9610,2025-05-05,2530,35,3,1,285.28,48.84,55672.83
9613,2025-01-28,130,42,6,7,102.38,18.82,8091.87
9614,2025-05-19,99,27,7,1,142.89,18.0,6784.32
9628,2025-09-23,2500,6,12,4,1312.46,237.37,177977.18
9643,2025-02-21,335,59,10,9,1888.04,381.98,373926.5
9674,2025-10-04,788,59,7,2,835.5,50.95,67833.83
9705,2025-08-03,1281,44,15,9,460.15,98.66,69392.15
9713,2025-02-28,431,47,13,6,1212.0,188.38,105215.25
9718,2025-06-02,248,76,2,12,1386.64,168.68,243399.5
9731,2025-12-27,160,36,1,10,240.78,50.25,32428.85
9736,2025-10-12,2653,6,14,6,65.24,86.18,6240.27
9743,2025-01-31,2687,16,6,4,225.48,53.91,24234.25
9753,2025-08-30,215,24,3,8,1225.7,,214347.07
9759,2025-04-01,2313,20,8,1,644.85,,71094.41
9792,2025-07-13,1119,1,11,4,465.44,33.23,38702.93
9847,2025-02-14,234,17,10,5,852.17,135.16,156290.29
9854,2025-12-20,1986,72,8,5,964.71,193.18,96498.61
9865,2025-03-28,1507,6,11,7,554.58,,30179.93
9866,2025-01-31,2602,68,13,9,488.65,117.06,32894.75
9894,2025-11-10,45,34,13,12,242.98,47.2,15198.36
9896,2025-11-15,146,77,10,3,-1307.18,124.84,159168.23
9924,2025-06-06,41,38,7,5,876.88,167.72,158382.7
9951,2025-01-26,3869,78,7,6,1540.07,,258762.57
9959,2025-12-13,2578,78,11,6,260.0,28.03,34726.26
9960,2025-02-21,2034,76,7,4,160.44,39.36,6079.69
10018,2026-01-27,2570,68,14,8,476.54,,60282.12
10061,2025-11-19,426,23,9,5,1764.25,335.1,322407.48
10084,2025-04-22,62,37,8,5,1928.11,291.47,129632.06
10103,2026-01-12,293,37,11,10,1098.02,198.41,107799.57
10178,2025-10-06,1988,79,10,12,532.97,,63872.92
10206,2025-03-07,626,7,13,1,1894.41,255.65,251808.79
10292,2025-01-05,2580,14,7,2,986.06,126.55,108954.48
10301,2025-11-06,437,42,2,3,70.99,4.69,12373.39
10323,2025-01-03,1387,14,7,4,1328.72,305.17,184363.21
10398,2025-03-08,2799,75,6,9,1799.7,278.41,239245.97
10403,2025-04-05,2988,61,7,4,1204.65,287.76,29731.87
10411,2025-02-02,2819,15,4,2,546.58,64.38,50124.45
10435,2025-10-08,2629,5,4,7,1990.06,491.95,54501.69
10439,2025-03-06,764,19,1,5,744.04,134.7,86602.28
10444,2025-04-12,2784,18,15,12,291.6,,20167.24
10458,2025-08-13,104,7,12,10,228.88,,30829.47
10470,2025-05-16,846,76,1,8,715.45,77.41,23813.68
10471,2025-10-13,66,63,8,10,1213.47,291.29,160971.71
10475,2025-09-07,1355,75,13,4,200.03,19.72,23218.54
10544,2025-12-07,2208,39,6,9,1075.38,221.53,156546.36
10563,2025-07-03,2265,5,9,8,886.72,185.91,174642.78
10570,2025-11-24,2616,44,7,11,1251.86,132.57,31097.97
10576,2025-01-18,690,3,15,8,1616.27,358.75,48763.26
10603,2025-07-03,424,52,13,3,386.44,64.96,22183.78
10649,2025-06-14,429,13,11,12,111.92,8.63,3206.75
10660,2026-02-15,687,37,2,2,1973.95,362.55,145221.47
10679,2025-02-02,915,26,8,6,106.79,25.42,18105.27
10693,2025-07-29,635,26,6,12,144.56,22.22,19198.06
10695,2025-09-21,216,7,13,11,1218.59,,143565.07
10771,2025-12-18,2668,45,9,10,171.82,42.19,24769.07
10785,2026-01-02,1355,63,7,3,1017.77,,32381.84
10912,2025-03-04,2889,40,15,9,376.22,91.26,12005.7
10918,2025-01-17,1342,41,1,4,375.4,481.37,27192.75
10935,2025-04-29,228,114,4,8,1959.38,176.95,94173.17
10967,2025-09-11,1207,39,2,5,342.26,72.19,18239.71
10975,2025-01-25,3878,21,13,3,1211.26,,233048.68
11012,2025-11-10,1541,19,7,2,1593.42,140.66,52334.06
11092,2025-04-15,2689,16,6,10,744.91,151.25,24631.39
11116,2025-06-29,156,50,12,12,1214.51,211.96,26514.69
11163,2025-11-17,333,42,15,1,1198.76,,195483.58
11169,2025-02-03,119,54,10,10,1815.89,311.84,249235.17
11197,2025-02-25,2737,20,10,8,928.46,202.92,173794.44
11209,2025-05-01,1189,25,12,3,1162.93,200.53,201853.81
11223,2025-10-18,1448,11,13,11,239.73,24.34,23060.67
11282,2025-01-24,2156,79,2,1,618.26,118.0,36350.1
11307,2025-03-29,2935,48,9,10,214.81,38.1,20100.47
11327,2026-01-14,130,33,6,9,86.09,18.32,12553.45
11330,2025-04-13,2857,13,2,11,0.0,75.68,25462.33
11393,2025-02-18,2859,28,7,5,1586.11,226.6,266863.04
11395,2025-12-25,1944,62,7,4,956.99,216.38,25602.15
11401,2025-05-16,2190,46,2,11,1878.49,300.4,368398.68
11449,2026-01-01,174,33,1,2,1541.14,280.55,262555.95
11470,2025-09-09,2342,61,4,4,389.21,,56235.24
11473,2025-09-05,62,14,2,6,1342.82,,241479.01
11525,2025-07-28,2361,37,9,2,1438.78,174.43,59360.08
11529,2025-10-09,105,46,14,4,1019.95,171.37,75892.4
11533,2025-10-12,505,29,1,1,520.58,54.21,46577.27
11598,2025-06-15,1538,53,1,9,819.06,,68088.53
11603,2025-04-20,2492,27,9,7,433.13,63.14,68004.98
11607,2025-11-20,2468,44,4,11,521.84,,58168.55
11631,2025-09-18,2933,68,3,5,267.23,24.77,22913.99
11641,2025-09-29,1157,71,2,7,1066.17,231.16,196282.19
11642,2025-09-12,362,65,6,11,96.44,,7639.55
11644,2025-03-05,1744,16,11,6,348.4,66.3,58550.84
11655,2026-01-19,2292,45,2,7,1567.37,178.36,81719.08
11771,2025-12-01,1,37,7,4,222.99,34.66,13134.79
11776,2025-04-04,29,78,8,3,635.08,106.34,58766.28
11787,2025-07-20,446,43,10,3,312.52,28.41,20500.99
11790,2025-12-02,926,62,13,8,526.97,,95530.66
11817,2025-03-02,2570,64,3,11,1241.59,72.78,32249.22
11829,2025-10-05,3748,28,3,7,747.24,135.51,130681.31
11846,2025-12-08,1760,56,5,10,1156.46,237.18,133541.14
11854,2025-04-22,2456,33,2,1,462.05,93.62,54871.22
11857,2026-01-29,2350,23,5,11,951.22,173.33,56505.97
11866,2025-04-11,2180,60,7,3,798.5,163.08,136594.19
11880,2025-08-15,592,74,7,8,364.72,489.68,18156.96
11884,2025-04-04,2116,15,5,1,1869.0,306.11,312957.21
11904,2025-10-18,2372,17,12,2,114.08,24.44,17098.87
11918,2025-03-19,214,29,1,5,575.68,,90774.7
11922,2025-10-24,2901,22,12,10,940.48,151.9,37584.56
11962,2025-02-24,1720,3,11,9,629.03,51.7,90128.77
11967,2025-02-24,1140,78,4,11,802.43,,112319.82
11984,2026-01-08,251,76,13,3,667.59,89.12,80706.26
11997,2025-10-13,503,71,4,6,385.54,37.06,41176.48
12034,2025-05-15,2123,6,1,3,342.84,77.94,30290.56
12041,2025-09-30,2333,21,7,2,565.73,118.69,24912.78
12043,2025-03-24,992,51,10,11,-620.26,80.73,81217.95
12057,2025-10-03,2223,35,2,6,791.67,,124624.8
12072,2025-08-16,1207,20,14,11,1629.91,,78936.6
12074,2025-05-23,142,100,14,3,229.94,13.63,37377.01
12128,2025-02-06,2098,36,8,1,418.9,,41130.31
12205,2025-03-22,972,31,3,4,78.91,,4916.15
12211,2025-06-21,1456,15,4,6,1148.62,183.29,147349.76
12232,2025-01-08,2655,51,5,12,592.59,130.65,77555.24
12239,2025-09-24,2012,70,12,5,1449.67,,67066.93
12245,2025-06-05,736,36,1,1,158.36,13.32,19444.04
12247,2025-01-27,2420,40,13,5,0.0,122.76,287000.33
12281,2025-05-29,1308,10,6,11,503.92,72.72,30598.33
12284,2025-02-17,1031,61,4,5,589.18,32.57,94211.32
12295,2026-02-07,1650,18,10,3,1264.46,266.43,41040.0
12305,2025-08-09,492,53,14,8,1888.94,134.62,143643.86
12314,2025-12-21,217,20,4,11,1814.11,380.38,228506.11
12330,2025-07-05,787,37,3,11,180.63,,19860.25
12373,2025-11-07,2603,6,6,8,930.98,224.69,60890.04
12452,2025-10-22,885,27,7,5,0.0,338.84,252361.45
12510,2026-02-18,2257,63,14,3,239.4,274.91,27791.68
12584,2025-12-13,2277,74,7,8,1607.33,155.92,313982.76
12590,2026-01-07,2090,61,9,7,912.8,135.49,85627.04
12597,2025-06-11,105,23,14,8,1564.61,289.92,89715.33
12606,2025-04-03,2667,17,12,7,179.22,,6960.17
12608,2025-04-07,1162,50,2,5,540.56,119.92,55401.96
12610,2025-02-20,2971,25,3,12,518.71,92.41,18703.15
12619,2025-05-23,2987,58,7,6,1021.16,141.26,114147.65
12623,2025-06-10,2349,49,14,11,1459.07,347.5,280649.91
12638,2026-01-08,403,22,10,6,328.44,,49237.44
12705,2025-02-28,355,1,1,7,1550.69,,49648.11
12708,2025-01-28,2737,24,6,6,583.75,,42583.23
12755,2025-03-27,2358,37,7,3,0.0,263.68,179396.06
12760,2025-03-19,1222,53,11,5,1631.78,338.55,89184.29
12776,2025-07-30,169,11,13,2,1097.88,175.69,208277.25
12782,2025-11-11,2711,80,3,9,1934.27,436.77,356505.77
12816,2025-02-06,1745,56,9,7,1549.3,298.72,236869.56
12819,2025-09-14,440,56,12,7,1571.49,238.67,133278.3
12876,2025-09-24,142,3,5,11,526.32,58.74,16264.68
12895,2025-02-07,2830,61,8,9,1851.04,227.84,82472.4
12898,2025-11-10,2057,14,6,2,524.29,51.26,31147.54
12930,2026-01-22,2616,2,13,6,724.31,,60388.18
12967,2026-02-08,2538,21,7,7,114.23,24.55,19950.47
12998,2025-09-20,1483,20,13,7,1096.09,263.83,23442.13
13021,2025-09-22,1247,64,12,2,962.24,95.14,183021.88
13046,2025-12-02,1722,12,7,4,638.15,,45109.78
13068,2025-10-28,2402,49,12,10,166.63,40.98,7853.6
13084,2025-01-30,1597,26,10,2,1311.97,,81938.89
13149,2026-01-21,1023,24,11,5,1423.2,,163669.08
13180,2025-06-19,2218,6,4,12,1588.49,354.55,227323.13
13253,2025-10-20,586,37,15,3,1812.77,,209920.89
13303,2025-04-22,2567,44,13,4,1268.64,105.49,124915.39
13315,2025-07-15,1241,43,2,10,1715.08,110.01,200188.02
13379,2025-02-11,1797,53,15,9,1474.39,367.77,184128.61
13381,2025-02-13,1065,20,12,8,1098.72,,88479.84
13394,2025-07-01,2520,78,1,4,1001.84,1221.87,35647.32
13402,2025-09-11,1865,1,6,9,402.1,,10411.6
13413,2025-03-18,1865,5,7,4,465.27,,92474.59
13458,2025-11-04,2637,68,10,5,1398.8,,59869.38
13510,2025-06-14,2377,75,1,5,761.56,,72630.69
13511,2025-04-14,1394,37,5,9,1632.07,,305982.29
13521,2025-03-13,1682,54,12,8,1847.99,440.62,293343.81
13531,2026-01-31,3773,11,2,1,1802.41,,161990.33
13557,2025-09-30,1193,10,1,2,493.35,49.77,48598.7
13590,2025-05-01,532,35,10,11,785.25,70.55,145942.21
13604,2025-05-14,1550,53,11,3,1322.22,281.98,37174.0
13618,2025-12-17,451,78,8,10,1068.25,177.45,150735.85
13625,2025-10-04,742,41,1,2,1346.26,,259127.91
13630,2025-11-18,2819,39,12,8,830.43,207.14,60105.99
13633,2025-07-08,3577,74,14,1,189.69,37.09,9549.89
13671,2025-10-24,970,11,8,5,350.87,59.39,27971.61
13692,2025-01-09,351,60,11,10,324.38,35.88,55339.94
13719,2025-11-17,1932,55,5,3,1057.44,79.36,86458.1
13723,2025-09-06,187,39,10,4,478.49,96.15,50974.6
13747,2025-12-09,1632,69,3,5,363.41,34.39,39461.78
13757,2025-03-27,1582,4,1,5,689.7,44.95,115987.9
13763,2025-03-29,814,32,11,5,1117.99,,69714.84
13772,2025-12-20,1199,78,15,11,1962.36,296.53,121148.9
13779,2025-07-11,1103,75,5,7,960.17,156.63,54159.91
13787,2025-03-01,953,63,13,11,1853.66,346.49,363314.78
13812,2025-08-29,2806,18,7,3,1622.39,241.25,155664.99
13822,2025-09-08,666,46,15,2,1266.16,121.65,75402.0
13834,2025-11-29,1805,33,4,8,850.58,,58195.72
13837,2025-06-25,2573,58,10,2,707.29,40.05,62875.4
13839,2025-01-20,2206,22,5,11,856.25,,37452.54
13985,2026-01-01,2199,74,8,7,764.32,166.45,138418.48
13991,2025-08-24,2368,70,2,1,1261.28,,113175.82
14033,2025-01-03,691,58,9,5,628.09,151.38,65087.03
14046,2025-01-01,1268,72,12,10,222.84,,17156.05
14095,2025-03-18,485,19,5,9,642.43,104.0,65755.35
14098,2025-02-06,1466,4,11,3,1347.31,105.94,184949.42
14117,2026-01-27,1116,6,9,3,209.83,43.33,8789.07
14126,2025-04-27,2543,47,13,12,260.65,,17455.95
14147,2026-02-12,2149,56,7,4,179.4,,34453.21
14156,2025-09-25,747,45,9,11,1692.5,209.59,167467.35
14188,2025-03-21,1541,8,4,4,1928.9,,268948.7
14219,2025-05-06,204,3,5,11,519.67,42.16,32955.54
14223,2025-04-15,1527,42,5,4,159.37,39.37,18292.5
14244,2025-06-10,156,52,9,8,238.38,26.51,9624.12
14260,2025-04-25,2146,5,10,11,990.42,,186551.74
14264,2025-08-18,308,54,11,9,1134.05,121.18,171746.05
14267,2025-04-28,461,29,7,5,-358.84,59.67,55299.15
14295,2025-12-06,2234,79,8,12,56.21,12.27,4522.22
14374,2025-02-03,1248,27,3,4,805.68,142.65,19864.45
14388,2026-01-25,350,38,7,3,941.84,95.05,141082.36
14398,2025-07-19,2979,29,15,12,119.46,21.18,19510.01
14433,2026-01-11,1341,68,11,4,1006.99,215.71,60370.55
14507,2025-01-18,2247,76,4,8,432.31,27.5,49482.32
14529,2025-01-07,2378,55,11,5,1725.94,233.97,242521.49
14552,2025-09-05,25,53,2,4,396.35,38.26,60123.74
14569,2025-02-19,1590,50,11,8,789.07,,43406.3
14650,2026-01-19,1178,11,5,4,783.93,137.7,69813.18
14671,2025-10-10,786,4,7,4,1305.46,104.71,76547.7
14712,2026-01-02,163,98,4,1,1354.02,276.95,156602.01
14736,2025-03-18,3793,58,15,11,1115.8,191.2,164071.42
14748,2025-05-05,1276,42,11,11,408.72,,44459.54
14765,2025-11-09,2384,49,12,2,710.54,104.25,55383.07
14769,2025-01-03,943,18,9,7,79.01,6.91,15406.76
14781,2025-06-11,759,95,8,12,1752.48,135.19,151620.7
14792,2025-11-26,3754,64,5,9,1469.46,,239352.11
14829,2025-08-22,2202,63,15,4,1225.94,,208313.96
14852,2025-08-01,2749,13,11,3,1005.96,153.62,84006.89
14853,2025-06-01,2691,77,8,3,239.0,38.9,24595.24
14865,2025-07-11,2392,16,14,3,256.82,14.68,43224.09
14868,2025-06-16,1039,35,1,4,956.25,70.97,153604.79
14880,2026-01-21,829,53,9,10,839.41,,42727.98
14908,2025-07-31,207,78,5,6,598.43,59.93,96307.95
14946,2025-07-05,1373,17,6,3,340.91,72.26,65722.49
14957,2025-08-16,1762,44,2,4,366.55,83.27,65825.12
14980,2025-01-31,1561,40,3,6,1606.28,91.77,146161.83
14988,2025-06-19,2432,47,6,3,189.84,29.69,28655.03
14997,2025-11-09,517,8,15,10,1421.54,,99619.24
15006,2025-05-17,1600,55,7,11,148.52,28.97,5763.98
15012,2025-01-03,2013,45,11,4,882.48,217.43,65618.97
15100,2026-02-11,987,63,14,4,256.5,19.38,15387.73
15104,2026-01-11,3840,54,5,10,1126.68,277.98,215453.93
15105,2025-07-24,2824,58,11,2,677.0,,93351.48
15116,2025-11-22,2691,46,2,7,1356.35,119.75,265609.62
15127,2025-07-07,912,36,7,11,390.66,80.28,40236.76
15164,2025-01-23,2395,52,11,9,1224.38,116.45,162089.71
15243,2025-08-29,2809,53,4,6,1343.99,,177024.51
15256,2025-12-27,739,13,6,4,1698.24,192.96,179602.22
15340,2025-01-10,1872,11,15,9,328.83,62.94,22561.63
15348,2025-07-08,1569,1,2,8,1088.58,184.75,119816.04
15350,2025-02-22,2948,7,5,1,639.05,147.38,64895.94
15385,2025-09-19,208,18,13,2,87.13,,3873.27
15395,2025-03-20,1839,69,12,2,1007.51,154.33,159296.53
15432,2025-11-01,386,13,6,2,133.54,16.95,21898.14
15434,2025-10-06,188,59,8,5,874.64,193.54,105184.32
15437,2025-04-27,724,24,1,11,669.04,122.81,17478.73
15441,2025-08-10,2773,77,1,11,0.0,100.52,57881.76
15451,2025-06-05,2566,42,5,12,1561.9,89.76,104177.12
15457,2025-12-08,93,10,2,4,927.1,,179188.92
15474,2026-01-10,1700,58,12,4,1105.23,219.35,214566.12
15488,2025-11-03,147,66,9,9,197.62,31.99,15882.58
15583,2025-04-15,2691,70,12,8,1829.21,355.36,164118.27
15594,2025-01-03,203,54,10,12,1041.43,1485.32,21639.08
15596,2025-02-06,2835,23,12,12,436.24,,79949.16
15597,2026-01-08,1349,1,9,12,520.74,121.95,51536.23
15612,2025-03-13,1497,14,6,8,927.71,66.87,135138.61
15618,2025-05-14,836,55,8,10,659.72,,17918.73
15719,2025-04-18,902,80,7,9,1438.96,253.27,140807.2
15729,2025-12-08,2197,77,13,8,931.54,159.75,183365.55
15730,2025-04-27,802,23,12,3,1364.57,151.67,237246.27
15750,2025-06-11,2572,35,15,4,1639.94,125.51,326270.22
15777,2025-10-04,1194,76,15,5,1499.98,186.65,270143.15
15790,2025-09-13,452,12,15,10,1688.16,171.74,105244.58
15805,2025-07-19,2617,1,9,12,346.35,83.48,8371.68
15821,2025-05-12,2228,26,11,2,62.84,4.24,5719.85
15839,2025-01-28,2595,19,10,9,659.36,67.73,122215.84
15849,2025-11-12,2936,34,5,9,1618.81,,297097.1
15858,2025-11-19,365,39,1,9,1784.24,355.25,42609.26
15864,2025-01-26,104,19,11,4,1287.29,228.93,239242.93
15865,2025-10-25,2983,62,1,2,766.82,105.72,143682.74
15924,2025-08-01,1006,44,12,1,519.43,70.21,69608.4
15972,2025-04-22,1480,11,11,2,1580.49,388.92,270699.31
16025,2025-12-13,1603,17,10,8,1448.01,76.76,46792.1
16087,2026-01-27,3609,76,6,7,370.0,83.48,72638.83
16108,2025-07-25,655,28,2,4,587.0,87.71,53957.89
16115,2025-11-17,2118,38,9,2,164.28,13.62,20649.32
16125,2025-05-15,98,56,14,4,1216.06,,30283.85
16140,2025-03-22,439,47,6,10,1105.73,257.88,33460.75
16151,2025-05-03,48,15,14,5,76.0,10.21,12328.08
16156,2025-03-23,1960,25,11,8,1276.87,,75717.3
16165,2025-12-28,719,43,12,2,1961.99,430.55,142993.01
16200,2025-03-13,2470,50,15,2,719.43,,94641.25
16241,2025-09-20,2521,7,12,7,930.67,62.61,93280.7
16258,2025-11-11,847,30,6,9,285.42,48.32,36675.81
16261,2025-09-18,2995,49,9,4,950.38,193.16,160710.35
16270,2025-10-13,2419,12,1,1,1562.66,,151481.93
16289,2025-04-02,2279,4,6,10,872.85,51.64,152862.46
16299,2025-05-10,2069,16,8,5,697.2,173.99,81861.21
16328,2025-04-13,172,30,8,9,1605.83,349.26,170145.51
16342,2025-08-29,443,55,2,2,835.1,,36195.5
16376,2025-12-15,2161,66,11,1,1241.69,84.96,217362.69
16414,2025-07-31,1164,15,7,10,991.46,,96385.88
16419,2025-06-16,1088,31,7,10,888.65,205.33,136960.64
16425,2025-08-21,64,58,5,9,1843.63,398.4,319696.55
16469,2025-02-03,88,14,1,2,473.33,84.68,93415.08
16502,2025-10-13,207,60,4,10,877.86,,144991.67
16511,2025-03-13,206,78,10,1,1913.84,,62612.9
16520,2025-05-14,1962,73,4,8,1965.67,332.52,301454.51
16540,2025-03-03,2284,69,6,2,1778.04,396.34,332197.81
16548,2026-01-19,1817,40,6,4,856.91,89.35,121324.33
16569,2025-08-20,1844,12,14,3,780.13,110.58,145250.12
16586,2025-02-15,251,45,2,3,493.89,35.76,12473.06
16635,2025-05-23,911,6,4,12,216.42,48.53,16671.46
16677,2025-11-03,2390,20,12,6,310.44,23.51,11389.19
16693,2025-10-17,1906,56,6,10,659.15,,52638.41
16702,2025-05-31,1648,8,14,10,740.79,116.54,124541.58
16710,2026-02-02,2688,65,14,6,1322.29,247.77,232589.21
16726,2025-03-03,1262,20,11,6,144.34,25.92,6213.85
16755,2025-03-18,1012,21,15,3,1917.33,110.27,193703.35
16764,2026-02-04,866,25,15,7,784.77,93.11,49304.32
16768,2025-04-14,908,66,13,9,1216.91,244.23,56613.64
16837,2025-04-09,1341,45,14,7,828.86,,161008.7
16883,2025-04-06,2615,16,1,4,1709.16,191.36,112003.9
16884,2025-07-22,463,13,2,8,812.33,192.06,105840.38
16902,2026-02-01,2902,75,1,8,1130.19,201.63,223792.74
16929,2025-10-15,1570,13,13,5,713.22,,28007.01
16940,2025-06-01,380,48,5,12,948.94,180.19,136669.79
16983,2026-02-08,665,59,9,10,1176.6,132.39,229987.9
16984,2025-07-27,2570,57,8,5,782.11,,148659.85
17014,2025-12-21,1068,18,7,2,151.12,,7522.69
17070,2025-10-25,1457,74,14,1,571.56,,52715.36
17086,2025-09-11,2075,48,10,2,1033.35,244.75,43886.57
17096,2026-01-23,2400,41,10,11,988.21,182.11,72555.98
17110,2025-08-25,2443,33,15,11,962.45,79.11,43289.08
17185,2025-01-30,2354,19,7,4,923.36,66.31,163934.17
17193,2025-03-09,1532,74,10,11,214.7,13.86,6583.94
17202,2025-10-23,2963,42,12,11,1370.45,217.94,223754.67
17210,2026-02-14,1813,9,9,1,230.94,,6277.35
17220,2025-12-31,580,60,8,3,644.72,141.88,108705.32
17241,2025-10-23,2702,74,9,1,99.28,21.68,10372.85
17255,2025-09-20,2136,47,11,7,454.64,108.29,22655.62
17268,2025-10-21,2227,36,5,9,1065.84,225.51,140391.35
17318,2025-03-25,2922,38,11,5,1318.32,108.63,214120.52
17341,2025-09-22,2427,51,5,7,335.11,77.86,54309.16
17361,2025-07-10,2105,72,15,1,1000.61,,142740.4
17389,2025-05-30,761,40,14,8,1677.86,312.97,251638.89
17403,2025-08-11,1596,71,5,5,567.1,81.83,54916.36
17433,2025-06-17,2582,2,4,8,618.28,124.99,95485.14
17441,2025-07-15,1697,35,4,5,341.45,,21081.07
17442,2026-02-16,866,11,8,4,1555.49,335.89,175781.37
17468,2025-01-21,2898,56,11,6,870.06,71.09,125911.17
17474,2025-04-04,113,8,10,1,241.98,20.09,32161.96
17488,2026-01-22,2829,71,15,12,521.16,81.16,52100.03
17492,2025-05-19,1631,55,7,10,361.05,80.29,39813.86
17500,2025-02-18,1920,67,15,3,77.49,11.06,3352.05
17509,2025-03-13,2812,2,13,2,69.9,4.48,13810.04
17516,2025-04-09,7,57,11,5,684.0,,78411.63
17605,2025-08-13,2554,19,5,8,1166.95,265.06,29906.57
17617,2025-04-10,2250,55,3,11,946.89,141.3,151985.92
17641,2025-04-15,535,63,10,10,206.95,44.94,41298.21
17651,2025-01-21,1889,29,1,12,1288.42,,90000.82
17652,2026-01-11,2436,29,12,3,997.51,73.46,116447.9
17680,2026-01-28,2492,42,5,10,1885.43,183.58,304939.6
17688,2025-08-14,2554,18,4,1,1286.26,112.11,239402.99
17696,2025-06-16,2764,38,9,11,776.91,,149258.29
17740,2025-09-23,2765,65,14,3,716.14,,48252.59
17771,2026-01-28,343,34,13,12,1152.46,96.68,188957.92
17775,2026-02-20,1516,23,13,9,415.48,96.61,38569.0
17793,2025-09-15,1379,4,4,8,431.68,,20748.92
17821,2025-06-05,1736,58,15,7,1169.39,,224412.14
17826,2025-05-08,979,9,8,7,299.67,26.77,23219.83
17864,2026-01-25,1648,43,12,10,1370.71,143.43,239114.78
17900,2025-07-28,1210,15,4,3,967.35,192.72,132840.88
17910,2026-01-05,171,39,14,6,507.19,,56283.75
17947,2026-02-13,3624,9,15,10,304.45,46.62,21867.59
17983,2025-06-09,2152,17,5,12,1437.65,90.47,103598.75
17997,2025-08-11,305,28,11,3,685.93,,24335.29
18013,2025-10-21,2645,76,15,4,599.34,103.13,57970.72
18016,2025-07-24,2520,29,13,7,1072.9,91.82,87801.03
18065,2026-01-29,247,1,8,4,762.93,,99328.1
18073,2025-09-04,734,57,2,2,359.73,32.57,69885.29
18097,2025-02-27,2595,57,6,4,737.96,103.66,135498.12
18109,2025-08-15,2456,63,3,8,1414.8,209.89,211337.86
18126,2025-11-03,788,71,11,2,852.87,134.66,98006.09
18139,2025-07-15,1386,67,13,7,1083.75,218.84,146734.87
18233,2025-05-31,1185,119,7,8,119.33,,16956.34
18247,2026-02-18,615,20,5,4,981.34,132.49,44841.21
18278,2025-06-04,258,37,12,11,942.71,129.65,60166.07
18281,2025-08-09,716,5,12,6,245.85,23.11,42195.67
18302,2026-01-20,1486,78,6,8,1902.41,348.9,162604.52
18307,2025-04-04,365,30,13,7,494.9,104.77,59954.45
18332,2025-04-03,2509,15,5,3,968.8,,186546.64
18343,2025-08-20,2420,14,7,11,298.54,27.3,44657.88
18364,2025-09-22,820,25,10,2,644.05,102.98,62215.81
18372,2025-10-09,175,78,15,10,805.35,125.32,142221.57
18390,2025-01-26,72,32,9,11,531.2,,22690.51
18413,2025-05-30,883,70,5,6,846.62,92.41,164050.19
18417,2025-12-29,2738,79,9,6,517.98,,35339.48
18428,2025-09-17,2284,30,3,10,693.23,,48618.85
18451,2025-08-11,1864,53,14,6,449.67,41.9,38075.3
18477,2025-07-15,1929,38,11,8,727.57,139.82,93111.71
18487,2026-01-10,2757,30,10,5,458.02,101.6,25645.51
18576,2025-01-28,156,57,9,3,1955.35,370.12,296095.34
18648,2025-07-21,2318,70,9,2,1686.76,2355.18,83640.16
18649,2025-12-11,95,71,5,6,1665.97,,34433.78
18720,2025-10-09,829,21,4,2,0.0,42.34,37337.09
18736,2025-12-26,2556,65,6,12,1940.62,262.12,117575.34
18754,2025-04-29,1352,40,10,9,125.58,,2676.46
18757,2025-08-12,2239,16,7,4,996.92,127.69,41439.05
18766,2025-11-24,1657,30,9,11,408.54,72.15,54473.24
18772,2025-01-07,578,55,1,6,1677.39,379.41,309721.37
18782,2025-01-31,678,42,7,5,835.2,87.92,104453.96
18791,2025-09-04,1083,72,8,2,199.63,13.45,21314.14
18830,2026-02-11,1654,5,11,1,79.37,10.63,8266.33
18897,2025-01-04,638,42,4,8,441.58,96.22,44396.93
18903,2025-06-09,1286,38,14,2,1302.51,160.44,220843.52
18921,2025-02-01,2300,24,14,6,276.21,39.43,42590.34
18994,2025-03-07,1680,42,3,1,266.63,44.15,46960.8
19018,2025-08-25,1410,57,1,3,392.29,70.67,36733.73
19022,2025-03-02,2651,27,7,12,729.48,180.13,34648.34
19044,2025-05-02,2452,63,1,2,866.62,,149695.37
19058,2025-06-11,1866,53,1,8,1807.81,290.5,302423.31
19106,2025-02-11,2615,53,14,9,1061.46,154.12,182549.13
19125,2025-04-15,862,76,13,5,1652.62,350.6,92728.81
19209,2026-01-20,628,43,15,9,557.92,989.1,98709.85
19210,2025-10-02,537,18,2,3,51.44,4.42,1691.78
19213,2025-10-16,1948,22,5,7,623.62,,107500.27
19242,2025-09-14,2068,38,11,6,73.81,18.42,7074.61
19252,2025-10-23,150,30,4,5,76.2,10.92,13450.11
19336,2026-01-08,1404,45,13,5,570.45,73.29,72597.26
19370,2026-02-06,2961,30,11,10,1709.15,338.08,266674.37
19403,2026-02-04,222,12,5,7,714.47,42.48,23037.66
19458,2025-08-03,2062,7,14,8,1442.33,121.28,249339.58
19503,2025-02-10,2075,40,9,5,617.36,117.25,15856.96
19530,2025-05-20,151,69,14,1,77.15,5.16,4710.33
19649,2025-10-23,1642,70,2,4,1984.16,189.96,390232.42
19668,2025-08-31,2319,38,7,2,573.74,,74872.05
19711,2025-09-28,636,33,1,6,892.56,136.64,27911.19
19779,2025-07-31,1193,6,14,7,1880.32,199.24,187173.49
19963,2025-06-04,1862,45,7,9,290.83,,55912.46
19974,2025-11-15,1740,62,2,11,1923.45,235.99,114532.67
19977,2025-09-16,2808,23,2,8,1238.9,,39724.64
19996,2025-10-20,1799,35,13,12,1540.51,77.1,78686.06
20012,2025-08-20,2450,54,15,1,1123.88,140.44,210078.67
20039,2025-11-01,150,1,7,4,1434.59,179.49,75817.8
20047,2025-01-01,256,72,2,11,891.22,81.24,172975.08
20061,2025-05-27,2390,43,2,7,114.5,15.61,8223.7
20125,2025-03-03,1189,18,10,10,1119.37,138.28,124197.25
20171,2025-05-11,2167,66,14,10,1800.16,152.17,178548.05
20280,2025-01-10,1661,5,11,6,1662.46,339.28,300737.05
20307,2025-08-22,2707,21,4,6,918.92,,150679.6
20326,2025-02-15,2422,73,12,11,720.75,161.52,19626.25
20373,2026-01-31,734,39,7,4,1580.67,257.42,53772.23
20374,2025-10-19,6,54,11,3,262.67,31.19,42082.8
20379,2026-02-19,2002,53,7,8,-1309.85,176.85,232375.3
20388,2025-08-22,1182,74,3,8,65.65,10.08,1657.7
20424,2026-01-25,2281,34,13,7,1859.29,297.25,252785.45
20432,2025-02-10,670,23,8,1,1775.87,,118528.12
20449,2025-07-02,1800,72,6,9,878.63,147.06,173179.07
20554,2025-04-20,910,34,6,10,697.32,159.59,98342.64
20581,2025-09-21,446,63,13,8,745.08,127.83,88027.48
20604,2025-11-19,2322,5,6,9,620.13,96.83,77350.44
20612,2025-10-31,298,48,7,4,1235.5,,52132.63
20632,2026-02-01,2904,66,2,9,1222.26,279.13,66591.6
20644,2025-02-24,1627,29,6,2,1815.83,,341599.3
20684,2026-01-20,254,19,8,8,0.0,126.4,162828.31
20692,2025-04-05,2189,77,9,12,659.87,48.72,48812.99
20705,2025-11-26,1502,28,6,9,274.82,32.1,48171.38
20736,2025-05-18,1044,47,3,10,661.09,38.0,44073.22
20740,2025-01-08,1835,74,11,7,-965.0,106.02,52722.68
20744,2026-02-10,1194,74,3,9,96.2,10.19,6778.2
20827,2025-11-17,2949,60,15,2,1292.2,134.86,178845.89
20828,2025-11-01,1241,27,9,2,207.23,49.74,34559.63
20843,2025-08-13,1485,70,1,12,561.24,117.3,33916.87
20862,2025-06-26,1022,74,7,11,149.32,24.03,15452.58
20867,2025-11-23,2224,78,1,8,683.49,,106648.66
20887,2025-06-17,1859,34,13,5,270.99,21.32,29780.64
20913,2025-03-29,37,40,11,4,330.54,,29498.63
20949,2025-03-23,2702,55,13,4,627.9,81.63,31639.54
20955,2025-08-18,2469,15,14,2,730.75,111.56,41090.44
21026,2026-01-18,2755,29,14,9,763.69,127.39,31645.22
21056,2026-01-24,2806,10,2,11,1141.2,,223127.64
21093,2025-05-23,2038,75,5,6,656.19,162.6,31495.27
21102,2025-07-04,2785,51,9,1,575.55,120.67,114299.49
21115,2025-12-11,970,15,15,2,279.42,62.94,28938.48
21125,2025-08-24,1898,61,12,1,773.06,45.44,45948.67
21133,2025-11-15,2403,18,2,1,1237.19,138.05,59795.52
21156,2025-04-20,28,14,9,1,1546.82,279.76,64603.41
21173,2025-03-14,2753,22,1,1,-866.3,105.27,108473.27
21216,2025-01-04,232,71,12,9,905.55,219.67,98091.42
21245,2025-04-02,2990,19,5,10,854.52,125.61,34847.73
21247,2025-04-15,2406,40,5,3,265.64,,36146.47
21255,2025-12-01,2842,10,14,8,1915.97,,109458.79
21279,2025-10-01,945,69,6,8,900.82,63.61,162234.84
21282,2025-08-31,501,65,9,10,784.81,175.65,101782.09
21283,2026-02-13,379,71,2,4,1103.12,119.97,216369.12
21342,2025-01-29,1945,49,4,3,299.37,56.57,17210.6
21377,2025-04-21,1848,69,4,9,1949.03,341.82,330160.49
21412,2025-04-29,1651,12,4,8,60.84,3.17,3729.01
21425,2026-02-01,1027,12,3,5,950.56,62.97,44750.86
21444,2026-01-26,2717,53,9,4,0.0,230.29,45126.26
21452,2025-12-14,2385,57,15,2,515.03,,47480.75
21454,2025-03-16,2627,80,2,5,852.53,137.86,102178.23
21457,2025-03-25,2175,40,6,1,840.46,,42640.64
21474,2025-11-24,1439,52,4,6,753.23,120.47,139284.31
21483,2026-01-01,674,23,7,2,131.46,29.68,24279.89
21503,2026-02-04,2766,66,12,11,957.1,159.72,134123.27
21504,2025-09-20,1473,75,11,12,1140.65,,144408.83
21542,2025-04-22,1387,58,10,8,882.9,169.69,86639.44
21557,2026-02-10,2158,110,6,1,1979.54,432.18,82993.88
21659,2025-04-26,3801,16,13,4,640.1,65.67,62394.0
21689,2026-01-03,1712,4,13,11,698.93,1256.72,107371.5
21695,2026-02-03,1296,9,4,3,1738.35,351.99,157339.41
21700,2025-11-13,2934,24,3,11,1361.34,313.77,222649.94
21716,2025-01-08,654,70,14,11,1011.96,72.49,106872.42
21762,2025-01-10,2231,47,14,12,1338.23,104.63,34704.07
21803,2026-02-10,1402,14,5,3,776.3,,24632.17
21806,2025-02-11,1790,66,8,6,1594.36,221.31,137759.12
21910,2025-06-12,1393,59,5,4,875.64,163.24,67830.8
21915,2025-03-18,263,35,15,10,688.0,137.91,89791.54
21927,2026-01-28,1022,41,12,8,425.56,40.41,29637.03
21940,2025-05-18,794,60,3,10,1453.27,324.24,193044.9
22000,2025-09-10,590,16,12,9,228.1,,38132.57
22002,2026-02-05,1235,77,8,10,175.86,32.98,23125.54
22038,2025-04-26,1798,45,10,3,982.91,68.65,80337.19
22047,2026-01-28,848,42,6,11,-349.82,,22913.78
22068,2025-05-08,325,58,4,11,1376.07,222.46,199670.53
22074,2025-01-08,2554,58,3,6,1887.72,168.56,201947.33
22120,2025-07-30,288,7,3,2,1815.51,263.86,196171.65
22253,2025-01-08,1102,51,3,7,1265.32,248.24,88777.42
22264,2025-10-10,1005,50,11,7,261.29,25.21,20566.13
22274,2025-07-03,2855,64,1,2,1727.73,144.73,250915.41
22307,2025-02-12,1562,21,8,10,822.74,42.9,19517.64
22315,2025-07-14,1392,55,1,8,787.57,178.87,23499.45
22401,2025-11-20,1076,4,6,6,410.34,84.53,50561.63
22410,2025-10-23,834,36,2,9,843.15,77.35,140682.48
22415,2025-02-04,208,48,2,1,608.68,48.13,99467.13
22461,2025-04-13,1867,48,10,10,553.58,31.9,73393.19
22478,2025-03-30,2454,14,1,7,608.65,34.69,26381.93
22501,2025-07-06,2695,26,11,10,559.98,118.57,26529.28
22504,2026-02-04,2739,11,4,9,1080.0,107.82,100712.91
22509,2025-09-16,1010,34,10,8,736.39,58.97,39839.03
22515,2025-12-19,2215,60,7,6,859.37,214.14,68648.55
22559,2025-11-21,919,12,4,10,1047.57,173.1,119058.85
22576,2025-07-09,1432,42,15,7,1409.24,241.65,97920.98
22583,2025-03-26,62,17,5,8,1584.97,,311340.97
22585,2025-06-25,1436,54,12,6,1855.32,214.51,258870.08
22595,2026-01-30,1985,29,8,5,771.45,,39160.12
22609,2025-08-28,129,67,12,8,265.57,42.58,38000.0
22631,2025-10-31,1054,76,13,9,755.95,118.6,109986.96
22644,2025-12-16,1609,69,13,1,-925.14,59.59,165664.87
22655,2025-04-06,647,47,3,12,504.65,,37269.7
22677,2025-07-02,807,17,6,12,262.08,,37001.27
22687,2025-10-20,2001,30,2,6,162.02,36.73,27488.58
22716,2025-10-31,961,66,1,6,1109.95,151.28,135653.84
22746,2026-02-07,1648,29,15,2,878.29,97.48,139060.65
22767,2025-04-12,1907,5,12,12,861.74,100.74,149895.13
22770,2025-03-21,22,63,3,3,321.73,42.25,21000.69
22773,2025-09-03,538,6,4,8,1002.32,,81132.25
22792,2025-10-13,1316,17,7,7,1117.43,96.67,142902.15
22796,2025-01-23,1009,11,11,12,242.43,33.9,39083.36
22825,2025-07-16,2912,2,13,3,1344.99,298.58,185255.98
22850,2025-11-07,316,62,1,7,645.52,84.57,29707.9
22888,2025-07-29,195,34,12,2,846.15,82.27,106787.32
22906,2025-04-25,924,25,13,5,381.58,,8674.77
22908,2025-03-19,520,28,12,5,1592.05,80.77,249149.6
22934,2026-02-05,2198,4,8,11,575.93,45.02,52531.49
22937,2026-01-23,2172,27,7,9,921.76,182.36,79785.48
22943,2025-03-31,1560,33,6,6,858.36,64.8,66595.8
22965,2025-05-22,1242,18,2,6,590.0,,37886.52
22984,2025-11-21,2911,16,15,1,711.84,137.75,100829.32
23063,2026-01-28,1877,34,7,9,59.39,10.17,3510.43
23076,2025-12-28,951,17,14,2,162.76,20.06,18447.66
23104,2025-09-17,341,35,1,12,375.86,24.93,8021.1
23106,2025-06-02,2061,36,2,1,392.52,68.74,31083.68
23128,2025-07-09,1938,53,8,11,190.02,44.45,35150.65
23169,2025-05-06,943,54,1,8,92.51,,3409.79
23191,2025-02-07,437,66,1,12,939.4,,122582.74
23201,2025-08-13,1832,15,11,10,1540.76,142.07,38590.08
23244,2025-06-15,2740,19,5,1,127.04,23.93,11380.64
23246,2025-10-15,2266,69,11,12,711.03,118.32,139968.48
23296,2025-04-26,873,38,3,11,492.87,98.94,57418.6
23315,2026-01-31,180,21,6,7,1258.97,,147872.23
23337,2025-10-24,2652,67,10,12,166.64,18.09,17369.44
23365,2025-02-10,2608,53,11,3,481.99,34.51,67116.87
23386,2025-11-22,1886,24,11,10,671.84,38.29,88335.14
23489,2025-07-22,1518,47,15,11,270.83,24.7,53997.15
23525,2026-01-14,1922,8,3,1,67.62,,9218.22
23531,2025-03-02,780,33,2,1,494.85,52.24,22331.64
23556,2025-01-06,556,75,6,5,441.1,55.26,76425.12
23561,2025-04-18,912,49,2,6,656.67,88.51,24711.68
23577,2025-12-28,2459,68,14,6,615.8,,85859.18
23603,2025-11-20,1900,54,9,6,1415.08,89.16,108140.1
23612,2025-03-09,1435,44,12,8,1219.91,226.4,90362.76
23632,2025-01-29,1277,75,2,6,1897.64,359.09,112435.18
23633,2025-01-01,1295,61,6,3,765.43,185.18,135368.23
23652,2025-03-14,2521,62,6,6,1356.29,281.35,150301.24
23667,2025-06-18,2081,26,12,4,488.32,102.92,48840.18
23673,2025-08-29,2037,38,9,11,1208.8,,145446.73
23686,2025-06-28,247,79,5,3,696.66,,107858.63
23692,2026-02-01,33,23,3,7,1915.4,,210897.8
23717,2025-04-09,2115,22,4,7,846.75,85.06,143363.22
23746,2025-11-12,1260,73,6,10,1840.87,276.17,127393.24
23768,2025-11-15,1557,45,7,5,1273.73,272.07,85739.39
23773,2025-02-28,2737,15,5,4,175.66,36.11,8713.74
23793,2025-04-07,193,27,15,7,1848.99,260.82,269014.53
23796,2026-02-20,187,74,10,7,1492.13,220.02,180128.09
23840,2025-03-05,182,60,2,5,687.75,,107837.54
23852,2025-12-03,6,105,8,4,970.94,160.27,143105.13
23853,2025-12-01,289,35,5,1,65.54,7.9,10399.21
23868,2025-02-07,2491,49,8,5,277.67,35.02,10438.25
23892,2025-02-25,725,68,3,12,795.32,173.58,151147.34
23896,2025-05-21,871,33,3,6,1766.61,417.77,158156.26
23900,2025-05-16,2447,14,7,6,86.37,15.95,8418.83
23919,2026-01-18,360,2,12,12,1068.76,64.03,68207.83
23962,2025-02-27,63,32,14,5,1616.91,249.74,86529.18
23981,2025-05-25,1402,49,3,12,1157.02,277.67,156104.1
24001,2025-11-17,940,43,2,2,1041.79,93.3,26267.58
24060,2025-03-02,1297,59,3,12,212.84,17.23,25667.3
24068,2025-03-26,175,57,6,9,1678.39,,80121.21
24077,2025-04-19,663,64,1,3,319.57,22.12,24469.09
24081,2025-01-22,717,27,5,5,409.33,87.63,59938.78
24088,2025-03-09,305,47,11,2,492.4,106.79,71165.1
24111,2025-10-11,2839,39,15,1,1162.86,179.11,52928.35
24121,2025-12-03,2532,14,12,5,205.81,10.96,13836.29
24122,2025-08-10,1011,77,1,12,1273.92,,192495.98
24134,2025-03-14,500,32,1,7,298.0,73.89,32542.56
24165,2025-07-06,761,2,14,12,220.76,45.04,27760.9
24199,2025-03-23,815,73,10,11,1519.35,,60001.11
24205,2025-02-15,469,68,9,8,1129.41,133.43,113675.46
24229,2025-07-04,293,67,11,1,332.65,64.08,58285.48
24247,2025-11-24,752,53,9,2,1336.9,,65349.38
24248,2025-05-25,3833,41,7,1,1826.47,182.15,106661.34
24271,2025-10-02,491,24,4,9,208.21,15.62,25957.21
24292,2025-05-08,1157,37,2,6,1319.48,,33285.75
24293,2026-01-02,2154,37,10,12,166.34,12.19,26212.01
24409,2025-03-21,2438,33,11,8,-1447.25,,261597.45
24479,2025-02-12,342,38,3,6,85.44,10.73,2063.52
24518,2025-01-10,2037,57,13,1,983.94,201.39,148392.22
24524,2025-06-02,1183,37,2,8,1976.49,264.15,103646.15
24530,2025-08-18,2000,18,3,1,161.5,13.68,22587.51
24556,2025-12-24,1510,58,1,6,240.25,31.03,37626.84
24598,2025-02-06,2373,15,10,8,1846.62,461.01,246746.18
24609,2025-09-05,2910,65,5,2,113.63,,10341.19
24615,2025-04-18,1934,42,6,5,823.19,44.57,88673.54
24618,2025-02-01,2359,5,13,9,333.97,60.16,17511.5
24654,2025-04-21,1603,17,15,6,1239.31,275.37,210253.62
24655,2025-11-11,2251,55,6,12,199.15,29.64,24434.43
24668,2025-08-10,2235,49,3,10,566.54,,64250.3
24672,2025-10-02,2084,52,3,2,174.68,,14392.7
24685,2025-11-14,1858,39,7,10,181.82,,6286.19
24691,2025-11-21,2121,56,8,10,855.6,,61252.69
24704,2025-03-27,2108,59,2,10,1248.94,,245720.61
24721,2025-05-31,2467,68,13,1,729.84,,17619.97
24730,2025-07-06,716,52,11,3,487.51,33.17,56534.36
24778,2025-09-27,1877,69,3,5,132.67,,18603.73
24819,2026-01-29,344,15,3,2,197.44,16.05,13316.68
24825,2026-01-31,332,40,2,12,664.41,80.21,87773.03
24864,2025-12-19,2232,29,4,5,683.36,105.26,109879.87
24885,2025-04-15,2461,64,13,7,276.08,50.73,27866.97
24887,2025-06-11,2353,95,5,10,1152.06,61.07,137126.47
24941,2025-12-20,2058,68,8,9,598.63,,33142.52
24943,2026-01-22,153,17,6,12,1567.64,326.15,175788.98
24972,2025-12-10,353,59,2,3,834.51,158.91,49914.72
24976,2025-04-23,2388,18,1,6,1805.87,221.74,230925.81
25032,2025-12-26,1143,6,4,4,1164.78,199.11,26763.59
25038,2025-07-21,2388,45,4,11,1357.24,253.76,264355.77
25074,2025-10-05,3748,28,3,7,747.24,135.51,130681.31
25093,2025-11-18,2819,39,12,8,830.43,207.14,60105.99
25110,2025-02-14,301,20,11,10,981.6,201.1,56218.47
25118,2026-01-25,350,38,7,3,941.84,95.05,141082.36
25139,2025-06-07,2312,20,15,4,356.12,21.98,30653.68
